Model,Inference_ms
DLinear,0.012396973302180859
NLinear,0.006880293134945627
LTSF_Linear,0.0052263306173113595
