Model,Inference_ms
DLinear,0.01940716689218275
NLinear,0.009353750360265783
LTSF_Linear,0.009543162432822315
