RMSE,MAE,R2,MAPE,SF_MAE,N_Events,Target,Source,Model
0.06268796001234166,0.04156789928674698,0.8790597915649414,0.80617,0.07048343122005463,17714,EC,Files,NLinear
0.06024013389710372,0.038509756326675415,0.88832026720047,0.7468307,0.0671452209353447,17714,EC,Files,DLinear
0.0628973170978931,0.04135080426931381,0.8782506585121155,0.80311054,0.06643249839544296,17714,EC,Files,CALinear
