RMSE,MAE,R2,MAPE,SF_MAE,N_Events,Inference_ms,Model
0.7617876461856099,0.34600088000297546,0.8365010023117065,85.57965755462646,0.4046844244003296,1033716,0.012396973302180859,DLinear
0.6869284030956486,0.30464744567871094,0.8670555353164673,79.44794297218323,0.38359367847442627,1033716,0.006880293134945627,NLinear
2.7112848680434065,0.7480659484863281,-1.0710833072662354,154.96861934661865,0.6163898706436157,1033716,0.0052263306173113595,LTSF_Linear
